id,pergunta,ferramentas_invocadas,rodadas,truncou,respondida,resposta,justificativa,tokens
Q01,Quantos eventos foram registrados ao todo?,get_registered_events -> generate_basic_metrics,2,nao,sim,125 eventos registrados ao todo.,"A ferramenta get_registered_events retornou total=125 e generate_basic_metrics confirmou total_events=125, com a soma por tipo (63+36+15+7+4) também igual a 125.",13393
Q02,Qual a taxa de clique sobre os e-mails enviados?,generate_basic_metrics,2,nao,sim,"A taxa de clique sobre os e-mails enviados é de 23,81% (15 cliques em 63 e-mails enviados).","A ferramenta generate_basic_metrics retornou os eventos persistidos: 63 EMAIL_SENT e 15 LINK_CLICKED. A taxa de clique sobre os enviados é 15/63 = 0,2381. Observo que o campo 'click_rate' do funil (0,4167) corresponde a cliques sobre aberturas (15/36), e não sobre enviados, por isso calculei a razão solicitada diretamente a partir das contagens.",1676
Q03,Qual a latência de propagação dos eventos até a base?,generate_basic_metrics,2,nao,sim,"A latência de propagação dos eventos até a base é de 1 ms em todos os percentis medidos: p50 = 1,0 ms, p95 = 1,0 ms e máximo = 1,0 ms, com base em 100 eventos medidos (de um total de 125 eventos registrados).","A ferramenta generate_basic_metrics retornou o bloco propagation_latency_ms com measured_events, p50, p95 e max, permitindo responder diretamente ao valor solicitado.",1667
Q04,Quantos alvos distintos clicaram no link?,get_registered_events -> generate_basic_metrics,2,nao,sim,15 alvos distintos clicaram no link (eventos LINK_CLICKED).,"Consultei os eventos persistidos e as métricas consolidadas: há 15 eventos do tipo LINK_CLICKED, cada um com um target_id distinto, portanto 15 alvos distintos clicaram no link.",13407
Q05,Qual foi o primeiro evento da série e quando ocorreu?,get_registered_events,2,nao,sim,"O primeiro evento da série é o de id 1: EMAIL_SENT da campanha 'campanha-comercial', com origem em 2026-09-17 13:27:55.302 (ingestão em 2026-09-17 13:27:55.303), target_id 6d37ef99d9354586.","Consultei os eventos persistidos via get_registered_events, que retorna os eventos mais recentes primeiro; o último item da lista (id 1) é o mais antigo, com origin_ts 2026-09-17 13:27:55.302.",13279
Q06,Algum alvo submeteu credenciais sem que houvesse clique registrado?,get_registered_events,2,nao,sim,"Não. Todos os 7 eventos DATA_SUBMITTED registrados (targets cbfb0502f1a80055 e 02279eb6febf15dd em gophish-campaign-42; 79a4307e93f78ac2, 4df9163b7c520c5d e 302de090ad6838c8 em campanha-financeiro; 80cd240d6f7c6f9d e a3809462f86cb922 em campanha-comercial) possuem um evento LINK_CLICKED correspondente para o mesmo target_id na mesma campanha. Portanto, nenhum alvo submeteu credenciais sem clique registrado.",Consultei os eventos persistidos via get_registered_events e cruzei os DATA_SUBMITTED com os LINK_CLICKED por target_id e campanha; todos os envios de credenciais tiveram clique prévio registrado.,13643
Q07,Qual campanha apresentou a maior taxa de clique?,generate_basic_metrics -> get_registered_events,2,nao,sim,"campanha-comercial, com taxa de clique de 50% (7 cliques em 14 e-mails enviados). As demais: campanha-financeiro com 8 cliques em 14 enviados (57,1%) — na verdade essa é a maior. Recalculando: campanha-financeiro = 8/14 = 57,1%; campanha-comercial = 7/14 = 50,0%; gophish-campaign-42 = 0 cliques em 35 enviados (0%). Portanto, a campanha com maior taxa de clique é a campanha-financeiro (57,1%).","Contei os eventos por campanha a partir de get_registered_events: campanha-financeiro teve 14 EMAIL_SENT e 8 LINK_CLICKED (57,1%); campanha-comercial teve 14 EMAIL_SENT e 7 LINK_CLICKED (50,0%); gophish-campaign-42 teve 35 EMAIL_SENT e 0 LINK_CLICKED. A ferramenta generate_basic_metrics só fornece taxas agregadas globais, sem quebra por campanha, então a taxa por campanha foi apurada manualmente s",13611
Q08,Quantos eventos vieram de cada origem de coleta?,get_registered_events -> generate_basic_metrics,3,nao,sim,gophish_webhook: 25 eventos; generator: 100 eventos. Total: 125 eventos.,"Consultei os eventos persistidos via get_registered_events e contei os 125 registros por campo 'source': 25 com origem 'gophish_webhook' (ids 101-125) e 100 com origem 'generator' (ids 1-100). A ferramenta generate_basic_metrics não detalha origem, mas os dados brutos permitem a contagem direta.",25922
Q09,Qual o conteúdo bruto da notificação que originou um evento?,get_registered_events -> generate_basic_metrics,2,nao,nao,,"As ferramentas disponíveis (get_registered_events e generate_basic_metrics) retornam apenas metadados dos eventos — id, campaign_name, event_type, source, origin_ts, ingest_ts e target_id — além de métricas agregadas. Nenhuma delas expõe o payload ou conteúdo bruto da notificação que originou o evento, portanto o dado pedido não pode ser obtido.",13456
Q10,Qual o endereço de e-mail do alvo que submeteu credenciais?,get_registered_events -> generate_basic_metrics,2,nao,nao,,"Os eventos armazenados contêm apenas identificadores opacos de alvo (target_id, ex.: 'cbfb0502f1a80055'), sem qualquer endereço de e-mail. As ferramentas disponíveis (get_registered_events e generate_basic_metrics) não expõem dados de contato dos alvos, apenas contagens, taxas de funil e latência. Portanto, não é possível obter o e-mail do alvo que submeteu credenciais.",13475
